effect,estimate,ci_lo,ci_hi
Cleanup,0.287506986841953,0.235746581446715,0.340186230401797
Threat,0.267074017047207,0.218550874089524,0.324119228602198
Impact,-1.141603451134,-1.25312805362553,-1.01934326834587
