effect,estimate,ci_lo,ci_hi
None,13.9696894243916,13.4341771830945,14.4634572288972
Cleanup,14.2571964112335,13.7370411861529,14.7721151309124
Threat,14.2367634414388,13.6972096198466,14.7545785904481
Impact,12.8280859732576,12.299788635894,13.3121289262881
